Le'Veon Bell (10981253),Le'Veon Bell
David Johnson (10981255),David Johnson
Antonio Brown (10981597),Antonio Brown
Alvin Kamara (10981257),Alvin Kamara
DeAndre Hopkins (10981599),DeAndre Hopkins
Michael Thomas (10981601),Michael Thomas
Ezekiel Elliott (10981259),Ezekiel Elliott
Keenan Allen (10981603),Keenan Allen
A.J. Green (10981605),A.J. Green
Tom Brady (10981164),Tom Brady
Leonard Fournette (10981261),Leonard Fournette
Odell Beckham Jr. (10981607),Odell Beckham Jr.
Rob Gronkowski (10982169),Rob Gronkowski
Adam Thielen (10981609),Adam Thielen
Kareem Hunt (10981263),Kareem Hunt
Cam Newton (10981165),Cam Newton
Drew Brees (10981166),Drew Brees
T.Y. Hilton (10981611),T.Y. Hilton
Melvin Gordon III (10981265),Melvin Gordon III
Saquon Barkley (10981267),Saquon Barkley
Mike Evans (10981613),Mike Evans
Deshaun Watson (10981167),Deshaun Watson
Ben Roethlisberger (10981168),Ben Roethlisberger
Larry Fitzgerald (10981615),Larry Fitzgerald
Kirk Cousins (10981169),Kirk Cousins
Tyreek Hill (10981617),Tyreek Hill
Philip Rivers (10981170),Philip Rivers
Travis Kelce (10982171),Travis Kelce
Christian McCaffrey (10981269),Christian McCaffrey
Stefon Diggs (10981619),Stefon Diggs
Marcus Mariota (10981171),Marcus Mariota
Dalvin Cook (10981271),Dalvin Cook
Russell Wilson (10981172),Russell Wilson
Doug Baldwin (10981621),Doug Baldwin
Chris Hogan (10981623),Chris Hogan
Andrew Luck (10981173),Andrew Luck
Joe Mixon (10981273),Joe Mixon
LeSean McCoy (10981275),LeSean McCoy
Julian Edelman (10981625),Julian Edelman
Patrick Mahomes (10981174),Patrick Mahomes
Kenyan Drake (10981277),Kenyan Drake
JuJu Smith-Schuster (10981627),JuJu Smith-Schuster
Jerick McKinnon (10981279),Jerick McKinnon
Andy Dalton (10981175),Andy Dalton
Josh Gordon (10981629),Josh Gordon
Mark Ingram (10981281),Mark Ingram
Jimmy Garoppolo (10981176),Jimmy Garoppolo
Demaryius Thomas (10981631),Demaryius Thomas
Alex Collins (10981283),Alex Collins
Blake Bortles (10981178),Blake Bortles
Corey Davis (10981633),Corey Davis
Alex Smith (10981177),Alex Smith
Jameis Winston (10981179),Jameis Winston
Jarvis Landry (10981635),Jarvis Landry
Dak Prescott (10981180),Dak Prescott
Michael Crabtree (10981637),Michael Crabtree
Derrick Henry (10981285),Derrick Henry
Tyrod Taylor (10981181),Tyrod Taylor
Greg Olsen (10982173),Greg Olsen
Ryan Tannehill (10981182),Ryan Tannehill
DeVante Parker (10981639),DeVante Parker
Lamar Miller (10981287),Lamar Miller
Devin Funchess (10981641),Devin Funchess
Sam Bradford (10981183),Sam Bradford
Sony Michel (10981289),Sony Michel
Will Fuller V (10981645),Will Fuller V
Sammy Watkins (10981643),Sammy Watkins
Case Keenum (10981184),Case Keenum
Kelvin Benjamin (10981647),Kelvin Benjamin
Ryan Fitzpatrick (10981186),Ryan Fitzpatrick
Jacoby Brissett (10981185),Jacoby Brissett
Emmanuel Sanders (10981649),Emmanuel Sanders
Derrius Guice (10981291),Derrius Guice
Jamison Crowder (10981651),Jamison Crowder
Joe Flacco (10981187),Joe Flacco
Chris Ivory (10981297),Chris Ivory
T.J. Yeldon (10981299),T.J. Yeldon
Marqise Lee (10981653),Marqise Lee
Ronald Jones II (10981295),Ronald Jones II
Brian Hoyer (10981188),Brian Hoyer
Pierre Garcon (10981655),Pierre Garcon
Dion Lewis (10981293),Dion Lewis
Delanie Walker (10982175),Delanie Walker
Landry Jones (10981189),Landry Jones
Teddy Bridgewater (11182400),Teddy Bridgewater
Latavius Murray (10981303),Latavius Murray
Rishard Matthews (10981657),Rishard Matthews
Marlon Mack (10981305),Marlon Mack
Rashaad Penny (10981301),Rashaad Penny
Eli Manning (10981193),Eli Manning
Evan Engram (10982177),Evan Engram
Kenny Stills (10981659),Kenny Stills
Mason Rudolph (10981194),Mason Rudolph
Duke Johnson Jr. (10981307),Duke Johnson Jr.
Allen Hurns (10981661),Allen Hurns
Josh Rosen (10981192),Josh Rosen
Chris Thompson (10981309),Chris Thompson
Adrian Peterson (11182403),Adrian Peterson
Lamar Jackson (10981196),Lamar Jackson
AJ McCarron (10981197),AJ McCarron
DeSean Jackson (10981665),DeSean Jackson
Brandon Weeden (10981198),Brandon Weeden
Trevor Siemian (10981191),Trevor Siemian
Matt Breida (10981313),Matt Breida
Marquise Goodwin (10981663),Marquise Goodwin
Baker Mayfield (10981190),Baker Mayfield
Devontae Booker (10981315),Devontae Booker
Rod Smith (10981311),Rod Smith
Sterling Shepard (10981667),Sterling Shepard
Ryan Griffin (10981200),Ryan Griffin
Kyle Rudolph (10982179),Kyle Rudolph
Blaine Gabbert (10981201),Blaine Gabbert
Brock Osweiler (10981202),Brock Osweiler
Carlos Hyde (10981317),Carlos Hyde
James Conner (10981319),James Conner
Chad Henne (10981203),Chad Henne
Spencer Ware (10981321),Spencer Ware
Royce Freeman (10981323),Royce Freeman
Chris Carson (10981325),Chris Carson
Garrett Gilbert (10981199),Garrett Gilbert
Cooper Rush (10981204),Cooper Rush
Colt McCoy (10981195),Colt McCoy
Chase Edmonds (10981327),Chase Edmonds
Josh Doctson (10981669),Josh Doctson
Josh Allen (10981206),Josh Allen
Taysom Hill (10981205),Taysom Hill
Tom Savage (10981207),Tom Savage
Cameron Meredith (10981671),Cameron Meredith
C.J. Beathard (10981208),C.J. Beathard
Giovani Bernard (10981329),Giovani Bernard
Austin Ekeler (10981331),Austin Ekeler
Davis Webb (10981209),Davis Webb
Ted Ginn Jr. (10981673),Ted Ginn Jr.
D'Onta Foreman (10981333),D'Onta Foreman
Matt Barkley (10981210),Matt Barkley
Austin Davis (10981211),Austin Davis
Tyler Lockett (10981675),Tyler Lockett
Brett Hundley (11182401),Brett Hundley
Nathan Peterman (10981212),Nathan Peterman
Robert Griffin III (10981213),Robert Griffin III
Javorius Allen (10981335),Javorius Allen
Rex Burkhead (10981337),Rex Burkhead
Jordan Matthews (10981679),Jordan Matthews
Danny Amendola (10981677),Danny Amendola
Tyrell Williams (10981681),Tyrell Williams
Paxton Lynch (10981214),Paxton Lynch
C.J. Anderson (10981339),C.J. Anderson
Peyton Barber (10981341),Peyton Barber
Chris Godwin (10981685),Chris Godwin
Nick Chubb (10981343),Nick Chubb
D.J. Moore (10981683),D.J. Moore
Mike Glennon (10981215),Mike Glennon
Josh Woodrum (10981216),Josh Woodrum
Travaris Cadet (10981345),Travaris Cadet
Corey Coleman (10981689),Corey Coleman
Kyle Lauletta (10981217),Kyle Lauletta
Alex Tanney (10981218),Alex Tanney
Cody Kessler (10981219),Cody Kessler
Tanner Lee (10981220),Tanner Lee
Jonathan Stewart (10981347),Jonathan Stewart
Corey Grant (10981349),Corey Grant
Donte Moncrief (10981687),Donte Moncrief
J.T. Barrett IV (10981221),J.T. Barrett IV
Austin Allen (10981222),Austin Allen
Terrance West (10981351),Terrance West
Boston Scott (10981353),Boston Scott
Jonathan Williams (10981355),Jonathan Williams
Stephen Morris (10981223),Stephen Morris
Joe Webb III (10981224),Joe Webb III
Danny Etling (10981225),Danny Etling
Alfred Blue (10981357),Alfred Blue
James White (10981359),James White
Peter Pujals (10981226),Peter Pujals
Kyle Sloter (10981227),Kyle Sloter
Nick Mullens (10981228),Nick Mullens
Jack Heneghan (10981229),Jack Heneghan
Luke Falk (10981230),Luke Falk
David Fales (10981231),David Fales
Bryce Petty (10981232),Bryce Petty
Logan Woodside (10981233),Logan Woodside
Jeff Driskel (10981234),Jeff Driskel
Phillip Walker (10981235),Phillip Walker
Brad Kaaya (10981236),Brad Kaaya
Nyheim Hines (10981361),Nyheim Hines
Drew Stanton (10981237),Drew Stanton
Brogan Roback (10981238),Brogan Roback
Joshua Dobbs (10981239),Joshua Dobbs
James Washington (10981691),James Washington
Chase Litton (10981240),Chase Litton
Matt McGloin (10981241),Matt McGloin
Cardale Jones (10981242),Cardale Jones
Nic Shimonek (10981243),Nic Shimonek
Geno Smith (10981244),Geno Smith
Chad Kelly (10981245),Chad Kelly
Alex McGough (10981246),Alex McGough
Kevin Hogan (10981252),Kevin Hogan
Mike White (10981247),Mike White
Dalton Sturm (10981248),Dalton Sturm
Kyle Allen (10981249),Kyle Allen
Taylor Heinicke (10981250),Taylor Heinicke
Michael Gallup (10981693),Michael Gallup
Chad Kanoff (10981251),Chad Kanoff
Jordan Reed (10982181),Jordan Reed
Connor Jessop (11182402),Connor Jessop
Kenneth Dixon (10981365),Kenneth Dixon
Dede Westbrook (10981695),Dede Westbrook
John Ross (10981697),John Ross
Ryan Grant (10981699),Ryan Grant
Mike Williams (10981701),Mike Williams
Samaje Perine (10981363),Samaje Perine
Paul Richardson Jr. (10981703),Paul Richardson Jr.
Vernon Davis (10982183),Vernon Davis
Ravens  (10982481),Ravens 
Wayne Gallman Jr. (10981367),Wayne Gallman Jr.
Keelan Cole (10981707),Keelan Cole
Charles Sims (10981369),Charles Sims
Kenny Britt (10981709),Kenny Britt
Charcandrick West (10981371),Charcandrick West
De'Angelo Henderson (10981373),De'Angelo Henderson
Tavon Austin (10981705),Tavon Austin
Terrance Williams (10981711),Terrance Williams
Jeremy Kerley (10981717),Jeremy Kerley
Zay Jones (10981719),Zay Jones
John Brown (10981721),John Brown
Willie Snead IV (10981723),Willie Snead IV
Jaguars  (10982482),Jaguars 
Shane Vereen (10981375),Shane Vereen
Malcolm Mitchell (10981713),Malcolm Mitchell
Phillip Dorsett (10981715),Phillip Dorsett
Frank Gore (10981377),Frank Gore
Albert Wilson (10981725),Albert Wilson
Jordan Wilkins (10981379),Jordan Wilkins
Brandon LaFell (10981727),Brandon LaFell
Brandon Marshall (10981729),Brandon Marshall
Christian Kirk (10981731),Christian Kirk
Trey Edmunds (10981381),Trey Edmunds
Jacquizz Rodgers (10981383),Jacquizz Rodgers
Brandon Coleman (10981735),Brandon Coleman
Saints  (10982483),Saints 
Dante Pettis (10981733),Dante Pettis
Kendall Wright (10981739),Kendall Wright
Trent Taylor (10981741),Trent Taylor
Alfred Morris (11182405),Alfred Morris
Taywan Taylor (10981743),Taywan Taylor
Jack Doyle (10982185),Jack Doyle
Travis Benjamin (10981745),Travis Benjamin
Courtland Sutton (10981747),Courtland Sutton
Cole Beasley (10981749),Cole Beasley
Curtis Samuel (10981751),Curtis Samuel
Brice Butler (10981737),Brice Butler
Charles Clay (10982187),Charles Clay
Tre'Quan Smith (10981753),Tre'Quan Smith
Cordarrelle Patterson (10981755),Cordarrelle Patterson
Joe Williams (10981385),Joe Williams
Vikings  (10982484),Vikings 
Kalen Ballage (10981387),Kalen Ballage
Chester Rogers (10981757),Chester Rogers
Fitzgerald Toussaint (10981389),Fitzgerald Toussaint
Stevan Ridley (10981391),Stevan Ridley
Torrey Smith (10981759),Torrey Smith
T.J. Logan (10981393),T.J. Logan
Rob Kelley (10981395),Rob Kelley
Mike Gillislee (10981397),Mike Gillislee
Bruce Ellington (10981763),Bruce Ellington
Laquon Treadwell (10981761),Laquon Treadwell
Jakeem Grant (10981765),Jakeem Grant
Mark Walton (10981399),Mark Walton
Tyler Eifert (10982189),Tyler Eifert
David Njoku (10982193),David Njoku
Steelers  (10982485),Steelers 
Demarcus Robinson (10981767),Demarcus Robinson
Chris Conley (10981769),Chris Conley
J.D. McKissic (10981401),J.D. McKissic
J.J. Nelson (10981771),J.J. Nelson
Jeremy Hill (10981403),Jeremy Hill
Braxton Berrios (10981773),Braxton Berrios
Amara Darboh (10981779),Amara Darboh
George Kittle (10982195),George Kittle
Leonte Carroo (10981775),Leonte Carroo
Eric Ebron (10982191),Eric Ebron
C.J. Prosise (10981405),C.J. Prosise
DaeSean Hamilton (10981777),DaeSean Hamilton
Jaron Brown (10981781),Jaron Brown
Broncos  (10982486),Broncos 
Jarius Wright (10981783),Jarius Wright
Roger Lewis (10981785),Roger Lewis
Cody Latimer (10981787),Cody Latimer
Austin Seferian-Jenkins (10982197),Austin Seferian-Jenkins
Adam Humphries (10981789),Adam Humphries
Tajae Sharpe (10981791),Tajae Sharpe
Vance McDonald (10982199),Vance McDonald
Mike Davis (10981407),Mike Davis
Panthers  (10982487),Panthers 
Chad Williams (10981793),Chad Williams
Andre Holmes (10981795),Andre Holmes
Benjamin Watson (10982201),Benjamin Watson
O.J. Howard (10982203),O.J. Howard
Braxton Miller (10981797),Braxton Miller
Tyler Boyd (10981799),Tyler Boyd
Antonio Callaway (10981801),Antonio Callaway
Darrius Heyward-Bey (10981803),Darrius Heyward-Bey
Seahawks  (10982488),Seahawks 
Cameron Artis-Payne (10981409),Cameron Artis-Payne
Patrick DiMarco (10981411),Patrick DiMarco
Keith Ford (10981413),Keith Ford
Zach Olstad (10981415),Zach Olstad
Marcus Murphy (10981417),Marcus Murphy
Taiwan Jones (10981419),Taiwan Jones
Patrick Ricard (10981421),Patrick Ricard
Gus Edwards (10981423),Gus Edwards
De'Lance Turner (10981425),De'Lance Turner
Christopher Ezeala (10981427),Christopher Ezeala
Mark Thompson (10981429),Mark Thompson
Austin Proehl (10981805),Austin Proehl
Malachi Dupre (10981807),Malachi Dupre
Ray-Ray McCloud III (10981809),Ray-Ray McCloud III
Cam Phillips (10981811),Cam Phillips
Rod Streater (10981813),Rod Streater
Brandon Reilly (10981817),Brandon Reilly
Robert Foster (10981819),Robert Foster
DeVier Posey (10981823),DeVier Posey
Breshad Perriman (10981825),Breshad Perriman
Janarion Grant (10981827),Janarion Grant
Andre Levrone (10981829),Andre Levrone
Tim White (10981831),Tim White
Quincy Adeboyejo (10981833),Quincy Adeboyejo
Jaelon Acklin (10981835),Jaelon Acklin
Chris Moore (10981837),Chris Moore
Jordan Lasley (10981839),Jordan Lasley
Jaleel Scott (10981841),Jaleel Scott
Bills  (10982489),Bills 
Sam Rogers (11182425),Sam Rogers
Robert Martin (10981431),Robert Martin
Jalen Simmons (10981433),Jalen Simmons
Tim Cook (10981435),Tim Cook
Brandon Wilds (10981437),Brandon Wilds
Tommy Bohanon (10981439),Tommy Bohanon
Kaelin Clay (10981821),Kaelin Clay
Amba Etta-Tawo (10981843),Amba Etta-Tawo
Travis Rudolph (10981845),Travis Rudolph
Alonzo Russell (10981847),Alonzo Russell
Marquis Bundy (10981849),Marquis Bundy
Russell Shepard (10981851),Russell Shepard
Kalif Raymond (10981853),Kalif Raymond
Jawill Davis (10981855),Jawill Davis
Hunter Sharp (10981857),Hunter Sharp
Allen Lazard (10981859),Allen Lazard
D.J. Chark Jr. (10981861),D.J. Chark Jr.
Shane Wynn (10981863),Shane Wynn
Montay Crockett (10981865),Montay Crockett
Dorren Miller (10981867),Dorren Miller
DeAndre Smelter (10981869),DeAndre Smelter
Rashad Greene Sr. (10981871),Rashad Greene Sr.
Jaydon Mickens (10981873),Jaydon Mickens
Jhurell Pressley (11182415),Jhurell Pressley
Zach Line (10981441),Zach Line
Dalton Crossan (10981443),Dalton Crossan
Shaun Wilson (10981445),Shaun Wilson
Austin Johnson (10981447),Austin Johnson
Dan Arnold (10981875),Dan Arnold
Austin Carr (10981877),Austin Carr
Keith Kirkwood (10981879),Keith Kirkwood
Travin Dural (10981881),Travin Dural
Josh Smith (10981883),Josh Smith
Eldridge Massington (10981885),Eldridge Massington
Tommylee Lewis (10981887),Tommylee Lewis
Josh Huff (10981889),Josh Huff
Justin Watson (10981891),Justin Watson
Erv Philips (10981893),Erv Philips
Freddie Martino (10981895),Freddie Martino
Bobo Wilson (10981897),Bobo Wilson
Sergio Bailey II (10981899),Sergio Bailey II
Bernard Reedy (10981901),Bernard Reedy
Jake Lampman (10981903),Jake Lampman
Cameron Brate (10982205),Cameron Brate
Dare Ogunbowale (11182419),Dare Ogunbowale
Devine Redding (11182437),Devine Redding
Brandon Tate (11182445),Brandon Tate
Michael Floyd (11182447),Michael Floyd
Donteea Dye (11182473),Donteea Dye
Lavon Coleman (10981449),Lavon Coleman
Troymaine Pope (10981451),Troymaine Pope
Tyler Ervin (10981453),Tyler Ervin
Terry Swanson (10981455),Terry Swanson
Jay Prosch (10981457),Jay Prosch
James Develin (10981459),James Develin
Ralph Webb (10981461),Ralph Webb
Buddy Howell (10981493),Buddy Howell
Quan Bray (10981815),Quan Bray
Vyncint Smith (10981907),Vyncint Smith
Keke Coutee (10981909),Keke Coutee
Sammie Coates Jr. (10981911),Sammie Coates Jr.
Chris Thompson (10981913),Chris Thompson
Jester Weah (10981915),Jester Weah
Devin Lucien (10981917),Devin Lucien
Riley McCarron (10981919),Riley McCarron
Cody Hollister (10981921),Cody Hollister
Matthew Slater (10981923),Matthew Slater
Kenneth Farrow (11182411),Kenneth Farrow
Henry Poggi (11182421),Henry Poggi
Khalfani Muhammad (11182427),Khalfani Muhammad
Paul Turner (11182451),Paul Turner
K.J. Maye (11182453),K.J. Maye
Mike Boone (10981465),Mike Boone
C.J. Ham (10981467),C.J. Ham
Johnny Stanton (10981469),Johnny Stanton
Roc Thomas (10981471),Roc Thomas
Mack Brown (10981473),Mack Brown
Jeff Wilson (10981475),Jeff Wilson
Raheem Mostert (10981477),Raheem Mostert
Malcolm Johnson (10981479),Malcolm Johnson
Kyle Juszczyk (10981481),Kyle Juszczyk
Jeremy McNichols (10981483),Jeremy McNichols
Stacy Coley (10981925),Stacy Coley
Tavarres King (10981927),Tavarres King
Cayleb Jones (10981929),Cayleb Jones
Brandon Zylstra (10981931),Brandon Zylstra
Jeff Badet (10981933),Jeff Badet
Korey Robertson (10981935),Korey Robertson
Chad Beebe (10981937),Chad Beebe
Jake Wieneke (10981939),Jake Wieneke
Victor Bolden Jr. (10981941),Victor Bolden Jr.
Aldrick Robinson (10981943),Aldrick Robinson
Steven Dunbar (10981945),Steven Dunbar
Aaron Burbridge (10981947),Aaron Burbridge
Richie James Jr. (10981949),Richie James Jr.
Kendrick Bourne (10981951),Kendrick Bourne
Max McCaffrey (10981953),Max McCaffrey
Luke McNitt (11182433),Luke McNitt
Kobe McCrary (11182441),Kobe McCrary
Ja'Quan Gardner (11182443),Ja'Quan Gardner
Brandon Bolden (10981463),Brandon Bolden
Akrum Wadley (10981485),Akrum Wadley
Dalyn Dawkins (10981487),Dalyn Dawkins
David Fluellen (10981489),David Fluellen
Brandon Radcliff (10981491),Brandon Radcliff
Senorise Perry (10981495),Senorise Perry
Jordan Veasy (10981955),Jordan Veasy
Darius Jennings (10981957),Darius Jennings
Michael Campanaro (10981959),Michael Campanaro
Deontay Burnett (10981961),Deontay Burnett
Cameron Batson (10981963),Cameron Batson
Brandon Shippen (10981965),Brandon Shippen
Devin Ross (10981967),Devin Ross
Nick Williams (10981969),Nick Williams
Malcolm Lewis (10981971),Malcolm Lewis
Isaiah Ford (10981973),Isaiah Ford
Francis Owusu (10981975),Francis Owusu
Drew Morgan (10981977),Drew Morgan
Rashawn Scott (10981979),Rashawn Scott
Tanner McEvoy (10982101),Tanner McEvoy
Jeremy Langford (11182409),Jeremy Langford
Lenard Tillery (11182417),Lenard Tillery
Brian Hill (10981497),Brian Hill
Tra Carson (10981501),Tra Carson
Jarveon Williams (10981503),Jarveon Williams
Quinton Flowers (10981505),Quinton Flowers
Josh Ferguson (10981507),Josh Ferguson
Christine Michael (10981509),Christine Michael
Robert Turbin (10981511),Robert Turbin
Alex Erickson (10981981),Alex Erickson
Devonte Boyd (10981983),Devonte Boyd
Ka'Raun White (10981985),Ka'Raun White
Josh Malone (10981987),Josh Malone
Cody Core (10981989),Cody Core
Kermit Whitfield (10981991),Kermit Whitfield
Auden Tate (10981993),Auden Tate
Reece Fountain (10981997),Reece Fountain
Krishawn Hogan (10981999),Krishawn Hogan
Steve Ishmael (10982001),Steve Ishmael
Deon Cain (10982003),Deon Cain
James Wright (10982005),James Wright
Zach Pascal (10982007),Zach Pascal
K.J. Brent (10982009),K.J. Brent
Kasen Williams (10982011),Kasen Williams
Seantavius Jones (10982013),Seantavius Jones
Marcus Johnson (10982097),Marcus Johnson
Branden Oliver (11182407),Branden Oliver
Cobi Hamilton (11182449),Cobi Hamilton
Jared Murphy (11182465),Jared Murphy
Kayaune Ross (11182475),Kayaune Ross
Danny Vitale (10981513),Danny Vitale
Dontrell Hilliard (10981515),Dontrell Hilliard
Marquez Williams (10981517),Marquez Williams
Matthew Dayes (10981519),Matthew Dayes
James Summers (10981521),James Summers
Jarvion Franklin (10981523),Jarvion Franklin
Roosevelt Nix (10981525),Roosevelt Nix
Jaylen Samuels (10981527),Jaylen Samuels
Damion Ratley (10982015),Damion Ratley
Rashard Higgins (10982017),Rashard Higgins
C.J. Board (10982019),C.J. Board
Jeff Janis (10982021),Jeff Janis
Evan Berry (10982023),Evan Berry
Da'Mari Scott (10982025),Da'Mari Scott
Derrick Willies (10982027),Derrick Willies
Ricardo Louis (10982029),Ricardo Louis
Eli Rogers (10982031),Eli Rogers
Trey Griffey (10982033),Trey Griffey
Tevin Jones (10982035),Tevin Jones
Quadree Henderson (10982037),Quadree Henderson
Marcus Tucker (10982039),Marcus Tucker
Damoun Patterson (10982041),Damoun Patterson
Justin Hunter (10982043),Justin Hunter
Justin Thomas (10982045),Justin Thomas
Blake Jackson (11182457),Blake Jackson
Ryan Switzer (11182459),Ryan Switzer
Ray Lawry (10981499),Ray Lawry
Darrel Williams (10981529),Darrel Williams
Algernon Brown (10981531),Algernon Brown
Kerwynn Williams (10981533),Kerwynn Williams
Damien Williams (10981535),Damien Williams
Anthony Sherman (10981537),Anthony Sherman
Russell Hansbrough (10981539),Russell Hansbrough
Anthony Manzo-Lewis (10981541),Anthony Manzo-Lewis
Justin Jackson (10981543),Justin Jackson
Derek Watt (10981545),Derek Watt
Detrez Newsome (10981547),Detrez Newsome
Gehrig Dieter (10982047),Gehrig Dieter
Elijah Marks (10982049),Elijah Marks
De'Anthony Thomas (10982051),De'Anthony Thomas
Jordan Smallwood (10982053),Jordan Smallwood
Byron Pringle (10982055),Byron Pringle
Josh Crockett (10982057),Josh Crockett
Daniel Braverman (10982059),Daniel Braverman
Jehu Chesson (10982061),Jehu Chesson
Marcus Kemp (10982063),Marcus Kemp
Justice Liggins (10982065),Justice Liggins
J.J. Jones (10982067),J.J. Jones
Andre Patton (10982069),Andre Patton
Artavis Scott (10982071),Artavis Scott
Nelson Spruce (10982073),Nelson Spruce
Geremy Davis (10982075),Geremy Davis
Dylan Cantrell (10982077),Dylan Cantrell
Terrell Watson (11182413),Terrell Watson
David Williams (10981549),David Williams
Andy Janovich (10981551),Andy Janovich
Phillip Lindsay (10981553),Phillip Lindsay
Tre Madden (10981555),Tre Madden
Jalston Fowler (10981557),Jalston Fowler
Khalid Hill (10981559),Khalid Hill
DeAndrew White (10981905),DeAndrew White
Jordan Taylor (10982079),Jordan Taylor
Jimmy Williams III (10982081),Jimmy Williams III
Isaiah McKenzie (10982083),Isaiah McKenzie
River Cracraft (10982085),River Cracraft
Jordan Leslie (10982087),Jordan Leslie
Kenny Bell (10982089),Kenny Bell
John Diarse (10982091),John Diarse
Carlos Henderson (10982093),Carlos Henderson
Tim Patrick (10982095),Tim Patrick
Cyril Grayson Jr. (10982099),Cyril Grayson Jr.
Damore'ea Stringfellow (10982103),Damore'ea Stringfellow
David Moore (10982105),David Moore
Caleb Scott (10982107),Caleb Scott
Keenan Reynolds (10982109),Keenan Reynolds
Gerald Holmes (11182431),Gerald Holmes
Daniel Marx (11182435),Daniel Marx
Justin Stockton (11182439),Justin Stockton
Marvin Bracy (11182455),Marvin Bracy
Mark Chapman (11182461),Mark Chapman
Bryce Bobo (11182467),Bryce Bobo
Malik Turner (11182471),Malik Turner
Trey Williams (10981561),Trey Williams
Bo Scarbrough (10981563),Bo Scarbrough
Darius Jackson (10981565),Darius Jackson
Jamize Olawale (10981567),Jamize Olawale
Jordan Chunn (10981569),Jordan Chunn
Alex Armah (10981571),Alex Armah
Kenjon Barner (10981573),Kenjon Barner
Reggie Bonnafon (10981575),Reggie Bonnafon
Elijah Hood (10981577),Elijah Hood
Dres Anderson (10981995),Dres Anderson
Deonte Thompson (10982111),Deonte Thompson
K.D. Cannon (10982113),K.D. Cannon
Cedrick Wilson (10982115),Cedrick Wilson
Mekale McKay (10982117),Mekale McKay
Noah Brown (10982119),Noah Brown
Marchie Murdock (10982121),Marchie Murdock
Lance Lenoir (10982123),Lance Lenoir
Rasheed Bailey (10982125),Rasheed Bailey
Fred Ross Jr. (10982127),Fred Ross Jr.
Damiere Byrd (10982129),Damiere Byrd
Austin Duke (10982131),Austin Duke
Jamaal Jones (10982133),Jamaal Jones
Bug Howard (10982135),Bug Howard
Mose Frazier (10982137),Mose Frazier
Darren Carrington II (11182463),Darren Carrington II
Sherman Badie (10981579),Sherman Badie
Derrick Coleman (10981581),Derrick Coleman
D.J. Foster (10981583),D.J. Foster
Elijhaa Penny (10981585),Elijhaa Penny
Keith Marshall (10981587),Keith Marshall
Kapri Bibbs (10981589),Kapri Bibbs
Martez Carter (10981591),Martez Carter
Byron Marshall (10981593),Byron Marshall
Elijah Wellman (10981595),Elijah Wellman
Carlton Agudosi (10982139),Carlton Agudosi
Corey Willis (10982141),Corey Willis
Trent Sherfield (10982143),Trent Sherfield
Greg Little (10982145),Greg Little
Jalen Tolliver (10982147),Jalen Tolliver
C.J. Duncan (10982149),C.J. Duncan
Rashad Ross (10982151),Rashad Ross
Robert Davis (10982153),Robert Davis
Darvin Kidsy (10982155),Darvin Kidsy
Brian Quick (10982157),Brian Quick
Simmie Cobbs Jr. (10982159),Simmie Cobbs Jr.
Maurice Harris (10982161),Maurice Harris
Trey Quinn (10982163),Trey Quinn
Cam Sims (10982165),Cam Sims
Shay Fields (10982167),Shay Fields
Ricky Seals-Jones (10982211),Ricky Seals-Jones
De'Veon Smith (11182423),De'Veon Smith
Darius Victor (11182429),Darius Victor
Dan Williams III (11182469),Dan Williams III
Mike Gesicki (10982213),Mike Gesicki
Titans  (10982490),Titans 
Hayden Hurst (10982215),Hayden Hurst
Dwayne Allen (10982207),Dwayne Allen
Ryan Griffin (10982217),Ryan Griffin
Jonnu Smith (10982209),Jonnu Smith
Chargers  (10982491),Chargers 
Ed Dickson (10982219),Ed Dickson
Redskins  (10982492),Redskins 
Mark Andrews (10982221),Mark Andrews
Josh Hill (10982223),Josh Hill
Stephen Anderson (10982225),Stephen Anderson
Tyler Kroft (10982227),Tyler Kroft
Bengals  (10982493),Bengals 
Seth DeValve (10982229),Seth DeValve
Jesse James (10982231),Jesse James
Demetrius Harris (10982233),Demetrius Harris
Virgil Green (10982235),Virgil Green
Jake Butt (10982237),Jake Butt
Shane Smith (10982239),Shane Smith
Giants  (10982494),Giants 
Garrett Celek (10982241),Garrett Celek
Antonio Gates (10982249),Antonio Gates
Jeff Heuerman (10982243),Jeff Heuerman
Nick Vannett (10982245),Nick Vannett
Jermaine Gresham (10982247),Jermaine Gresham
Nick O'Leary (10982251),Nick O'Leary
Jason Croom (10982253),Jason Croom
Khari Lee (10982255),Khari Lee
Logan Thomas (10982257),Logan Thomas
Keith Towbridge (10982259),Keith Towbridge
Darren Waller (10982261),Darren Waller
Maxx Williams (10982263),Maxx Williams
Nick Boyle (10982265),Nick Boyle
Nick Keizer (10982267),Nick Keizer
Vince Mayle (10982269),Vince Mayle
Ryan O'Malley (10982271),Ryan O'Malley
Rhett Ellison (10982273),Rhett Ellison
Jerell Adams (10982277),Jerell Adams
Scott Simonson (10982279),Scott Simonson
Garrett Dickerson (10982281),Garrett Dickerson
Ben Koyack (10982283),Ben Koyack
David Grinnage (10982285),David Grinnage
Niles Paul (10982287),Niles Paul
Scott Orndoff (10982289),Scott Orndoff
James O'Shaughnessy (10982291),James O'Shaughnessy
DeAndre Goolsby (11182495),DeAndre Goolsby
Deon Yelder (10982293),Deon Yelder
Garrett Griffin (10982295),Garrett Griffin
Michael Hoomanawanui (10982297),Michael Hoomanawanui
Donnie Ernsberger (10982299),Donnie Ernsberger
Antony Auclair (10982301),Antony Auclair
Alan Cross (10982303),Alan Cross
Tanner Hudson (10982307),Tanner Hudson
John Phillips (11182477),John Phillips
Matt Weiser (11182485),Matt Weiser
Jordan Thomas (10982309),Jordan Thomas
Jordan Akins (10982311),Jordan Akins
MyCole Pruitt (10982313),MyCole Pruitt
Jevoni Robinson (10982315),Jevoni Robinson
Matt Lengel (10982317),Matt Lengel
Ryan Izzo (10982319),Ryan Izzo
Troy Niklas (10982321),Troy Niklas
Will Tye (10982323),Will Tye
Shane Wimann (10982325),Shane Wimann
Jacob Hollister (10982327),Jacob Hollister
Josiah Price (10982329),Josiah Price
Tyler Conklin (10982331),Tyler Conklin
David Morgan (10982333),David Morgan
Blake Bell (10982335),Blake Bell
Kevin McDermott (10982337),Kevin McDermott
Tyler Hoppes (10982339),Tyler Hoppes
Cole Wick (10982341),Cole Wick
Kyle Nelson (10982343),Kyle Nelson
Ross Dwelley (10982345),Ross Dwelley
Cole Hikutini (10982347),Cole Hikutini
Wes Saxton (11182487),Wes Saxton
Luke Stocker (10982349),Luke Stocker
Ethan Wolf (10982351),Ethan Wolf
Anthony Firkser (10982353),Anthony Firkser
Tim Semisch (10982355),Tim Semisch
Phillip Supernaw (10982357),Phillip Supernaw
Beau Brinkley (10982359),Beau Brinkley
MarQueis Gray (10982361),MarQueis Gray
Gavin Escobar (10982363),Gavin Escobar
Durham Smythe (10982365),Durham Smythe
Thomas Duarte (10982367),Thomas Duarte
A.J. Derby (10982369),A.J. Derby
Jerome Cunningham (11182481),Jerome Cunningham
Moritz Boehringer (10982371),Moritz Boehringer
Cethan Carter (10982373),Cethan Carter
Jordan Franks (10982375),Jordan Franks
C.J. Uzomah (10982377),C.J. Uzomah
Clark Harris (10982379),Clark Harris
Ryan Hewitt (10982381),Ryan Hewitt
Mason Schreck (10982383),Mason Schreck
Mo Alie-Cox (10982385),Mo Alie-Cox
Ross Travis (10982387),Ross Travis
Erik Swoope (10982391),Erik Swoope
Devon Cajuste (10982393),Devon Cajuste
Darren Fells (10982395),Darren Fells
Julian Allen (10982397),Julian Allen
Ryan Malleck (10982399),Ryan Malleck
Pharoah McKever (10982401),Pharoah McKever
Xavier Grimble (10982403),Xavier Grimble
Christian Scotland-Williamson (10982405),Christian Scotland-Williamson
Orson Charles (11182479),Orson Charles
Bucky Hodges (11182493),Bucky Hodges
Stephen Baggett (11182497),Stephen Baggett
Alex Ellis (10982407),Alex Ellis
James Winchester (10982409),James Winchester
Blake Mack (10982411),Blake Mack
Tim Wright (10982413),Tim Wright
Jace Amaro (10982415),Jace Amaro
Ben Johnson (10982417),Ben Johnson
Hunter Henry (10982419),Hunter Henry
Braedon Bowman (10982421),Braedon Bowman
Sean Culkin (10982423),Sean Culkin
Austin Roberts (10982425),Austin Roberts
Cole Hunt (10982427),Cole Hunt
Je'Ron Hamm (11182483),Je'Ron Hamm
Kyle Carter (10982275),Kyle Carter
Darrell Daniels (10982389),Darrell Daniels
Troy Fumagalli (10982429),Troy Fumagalli
Austin Traylor (10982431),Austin Traylor
Matt LaCosse (10982433),Matt LaCosse
Brian Parker (10982435),Brian Parker
Tyler Ott (10982437),Tyler Ott
Tyrone Swoopes (10982439),Tyrone Swoopes
Will Dissly (10982441),Will Dissly
Clayton Wilson (10982443),Clayton Wilson
Jason Reese (10982305),Jason Reese
David Wells (10982445),David Wells
Geoff Swaim (10982447),Geoff Swaim
Blake Jarwin (10982449),Blake Jarwin
Dalton Schultz (10982451),Dalton Schultz
Rico Gathers (10982453),Rico Gathers
Chris Manhertz (10982455),Chris Manhertz
Jason Vander Laan (10982457),Jason Vander Laan
Ian Thomas (10982459),Ian Thomas
Evan Baylis (10982461),Evan Baylis
Cam Serigne (11182491),Cam Serigne
Alec Bloom (10982463),Alec Bloom
Andrew Vollert (10982465),Andrew Vollert
Chris Bazile (10982467),Chris Bazile
Bryce Williams (10982469),Bryce Williams
Gabe Holmes (10982471),Gabe Holmes
Garrett Hudson (10982473),Garrett Hudson
Jeremy Sprinkle (10982475),Jeremy Sprinkle
Matt Flanagan (10982477),Matt Flanagan
Manasseh Garner (10982479),Manasseh Garner
Cardinals  (10982495),Cardinals 
J.P. Holtz (11182489),J.P. Holtz
Patriots  (10982496),Patriots 
Dolphins  (10982497),Dolphins 
Colts  (10982498),Colts 
Chiefs  (10982500),Chiefs 
Cowboys  (10982499),Cowboys 
Texans  (10982501),Texans 
49ers  (10982502),49ers 
Buccaneers  (10982503),Buccaneers 
Browns  (10982504),Browns 
