Antonio Brown (7622746),Antonio Brown
Julio Jones (7622735),Julio Jones
A.J. Green (7622669),A.J. Green
LeVeon Bell (7622609),LeVeon Bell
Amari Cooper (7622696),Amari Cooper
Tom Brady (7622506),Tom Brady
Mike Evans (7622729),Mike Evans
T.Y. Hilton (7622647),T.Y. Hilton
LeSean McCoy (7622576),LeSean McCoy
Brandon Marshall (7622710),Brandon Marshall
Brandin Cooks (7622637),Brandin Cooks
Drew Brees (7622454),Drew Brees
David Johnson (7622618),David Johnson
Allen Robinson (7622695),Allen Robinson
DeMarco Murray (7622534),DeMarco Murray
Matt Ryan (7622503),Matt Ryan
Rob Gronkowski (7622857),Rob Gronkowski
Larry Fitzgerald (7622753),Larry Fitzgerald
Andrew Luck (7622462),Andrew Luck
Marvin Jones Jr. (7622683),Marvin Jones Jr.
Ben Roethlisberger (7622508),Ben Roethlisberger
DeAndre Hopkins (7622770),DeAndre Hopkins
Jarvis Landry (7622705),Jarvis Landry
Jeremy Maclin (7622631),Jeremy Maclin
Russell Wilson (7622514),Russell Wilson
Christine Michael (7622617),Christine Michael
Michael Crabtree (7622688),Michael Crabtree
Emmanuel Sanders (7622765),Emmanuel Sanders
Philip Rivers (7622504),Philip Rivers
Julian Edelman (7622745),Julian Edelman
Matthew Stafford (7622476),Matthew Stafford
Melvin Gordon (7622599),Melvin Gordon
Doug Baldwin (7622754),Doug Baldwin
Derek Carr (7622481),Derek Carr
Demaryius Thomas (7622766),Demaryius Thomas
Terrelle Pryor Sr. (7622668),Terrelle Pryor Sr.
Blake Bortles (7622482),Blake Bortles
C.J. Anderson (7622628),C.J. Anderson
Alex Smith (7622455),Alex Smith
Doug Martin (7622590),Doug Martin
Travis Benjamin (7622737),Travis Benjamin
Marcus Mariota (7622463),Marcus Mariota
Stefon Diggs (7622663),Stefon Diggs
Andy Dalton (7622469),Andy Dalton
Jordan Reed (7622811),Jordan Reed
Lamar Miller (7622623),Lamar Miller
Willie Snead (7622634),Willie Snead
Kirk Cousins (7622477),Kirk Cousins
Jameis Winston (7622501),Jameis Winston
Devonta Freeman (7622598),Devonta Freeman
Spencer Ware (7622529),Spencer Ware
Joe Flacco (7622491),Joe Flacco
Mike Wallace (7622712),Mike Wallace
Jimmy Graham (7622863),Jimmy Graham
Jamaal Charles (7622524),Jamaal Charles
DeSean Jackson (7622679),DeSean Jackson
Carson Palmer (7622512),Carson Palmer
Will Fuller (7622774),Will Fuller
Jordan Matthews (7622657),Jordan Matthews
Carlos Hyde (7622592),Carlos Hyde
Tyrod Taylor (7622487),Tyrod Taylor
Steve Smith Sr. (7622709),Steve Smith Sr.
Mark Ingram (7622527),Mark Ingram
Travis Kelce (7622776),Travis Kelce
Donte Moncrief (7622652),Donte Moncrief
Colin Kaepernick (7622496),Colin Kaepernick
Carson Wentz (7622467),Carson Wentz
Theo Riddick (7622557),Theo Riddick
Trevor Siemian (7622520),Trevor Siemian
Sam Bradford (7622466),Sam Bradford
Ryan Tannehill (7622486),Ryan Tannehill
Ryan Fitzpatrick (7622490),Ryan Fitzpatrick
Sammie Coates (7622750),Sammie Coates
Brock Osweiler (7622518),Brock Osweiler
Luke McCown (7622456),Luke McCown
Nick Foles (7622457),Nick Foles
Tyler Bray (7622458),Tyler Bray
Joe Callahan (7622459),Joe Callahan
Matt Cassel (7622460),Matt Cassel
Scott Tolzien (7622461),Scott Tolzien
Shaun Hill (7622464),Shaun Hill
Chase Daniel (7622465),Chase Daniel
Josh McCown (7622468),Josh McCown
AJ McCarron (7622470),AJ McCarron
Cody Kessler (7622471),Cody Kessler
Jeff Driskel (7622472),Jeff Driskel
Kevin Hogan (7622473),Kevin Hogan
Dan Orlovsky (7622474),Dan Orlovsky
Colt McCoy (7622475),Colt McCoy
Nate Sudfeld (7622478),Nate Sudfeld
Chad Henne (7622479),Chad Henne
Matt McGloin (7622480),Matt McGloin
Brandon Allen (7622483),Brandon Allen
Connor Cook (7622484),Connor Cook
Allen Hurns (7622691),Allen Hurns
Matt Moore (7622485),Matt Moore
EJ Manuel (7622488),EJ Manuel
Cardale Jones (7622489),Cardale Jones
Ryan Mallett (7622492),Ryan Mallett
Bryce Petty (7622493),Bryce Petty
Geno Smith (7622494),Geno Smith
Christian Hackenberg (7622495),Christian Hackenberg
Matt Forte (7622582),Matt Forte
Christian Ponder (7622497),Christian Ponder
Blaine Gabbert (7622498),Blaine Gabbert
Mike Glennon (7622499),Mike Glennon
Ryan Griffin (7622500),Ryan Griffin
Kellen Clemens (7622502),Kellen Clemens
Matt Schaub (7622505),Matt Schaub
Bruce Gradkowski (7622507),Bruce Gradkowski
Landry Jones (7622509),Landry Jones
Zach Mettenberger (7622510),Zach Mettenberger
Jimmy Garoppolo (7622511),Jimmy Garoppolo
Drew Stanton (7622513),Drew Stanton
Trevone Boykin (7622515),Trevone Boykin
Brandon Weeden (7622516),Brandon Weeden
Austin Davis (7622517),Austin Davis
Tom Savage (7622519),Tom Savage
Paxton Lynch (7622521),Paxton Lynch
Delanie Walker (7622783),Delanie Walker
Golden Tate (7622682),Golden Tate
Tevin Coleman (7622602),Tevin Coleman
LeGarrette Blount (7622605),LeGarrette Blount
Giovani Bernard (7622550),Giovani Bernard
Terrance West (7622585),Terrance West
Chris Hogan (7622749),Chris Hogan
Michael Thomas (7622639),Michael Thomas
Frank Gore (7622533),Frank Gore
Quincy Enunwa (7622714),Quincy Enunwa
James White (7622611),James White
John Brown (7622758),John Brown
Corey Coleman (7622675),Corey Coleman
Jay Ajayi (7622578),Jay Ajayi
DeVante Parker (7622706),DeVante Parker
Martellus Bennett (7622856),Martellus Bennett
Tyler Eifert (7622801),Tyler Eifert
Latavius Murray (7622566),Latavius Murray
Mohamed Sanu (7622738),Mohamed Sanu
Tyrell Williams (7622740),Tyrell Williams
Jerick McKinnon (7622547),Jerick McKinnon
Jamison Crowder (7622687),Jamison Crowder
Jacquizz Rodgers (7622591),Jacquizz Rodgers
Matt Jones (7622562),Matt Jones
Arian Foster (7622575),Arian Foster
Robert Woods (7622704),Robert Woods
Thomas Rawls (7622619),Thomas Rawls
Phillip Dorsett (7622651),Phillip Dorsett
T.J. Yeldon (7622571),T.J. Yeldon
Isaiah Crowell (7622552),Isaiah Crowell
Jeremy Hill (7622554),Jeremy Hill
Anquan Boldin (7622678),Anquan Boldin
Dennis Pitta (7622829),Dennis Pitta
Jeremy Kerley (7622723),Jeremy Kerley
Ryan Mathews (7622543),Ryan Mathews
Duke Johnson Jr. (7622555),Duke Johnson Jr.
Brandon LaFell (7622667),Brandon LaFell
DeAndre Washington (7622570),DeAndre Washington
Julius Thomas (7622817),Julius Thomas
DeAngelo Williams (7622603),DeAngelo Williams
C.J. Spiller (7622613),C.J. Spiller
Michael Floyd (7622755),Michael Floyd
Coby Fleener (7622775),Coby Fleener
Darren Sproles (7622541),Darren Sproles
Dwayne Washington (7622563),Dwayne Washington
Torrey Smith (7622722),Torrey Smith
Broncos  (7623255),Broncos
Kendall Wright (7622646),Kendall Wright
Adam Thielen (7622664),Adam Thielen
Vikings  (7623234),Vikings
Pierre Garcon (7622681),Pierre Garcon
Bilal Powell (7622583),Bilal Powell
Kamar Aiken (7622713),Kamar Aiken
Tyler Lockett (7622762),Tyler Lockett
Devontae Booker (7622630),Devontae Booker
Rishard Matthews (7622649),Rishard Matthews
Bengals  (7623236),Bengals
Jalen Richard (7622572),Jalen Richard
Hunter Henry (7622854),Hunter Henry
Chris Conley (7622635),Chris Conley
Tajae Sharpe (7622654),Tajae Sharpe
Matt Asiata (7622542),Matt Asiata
Kyle Rudolph (7622793),Kyle Rudolph
Zach Zenner (7622560),Zach Zenner
Breshad Perriman (7622719),Breshad Perriman
Danny Amendola (7622743),Danny Amendola
Eli Rogers (7622751),Eli Rogers
Zach Ertz (7622794),Zach Ertz
Chris Ivory (7622564),Chris Ivory
Bills  (7623242),Bills
Markus Wheaton (7622747),Markus Wheaton
Justin Forsett (7622556),Justin Forsett
Dontrelle Inman (7622733),Dontrelle Inman
Seahawks  (7623253),Seahawks
Cordarrelle Patterson (7622660),Cordarrelle Patterson
Gary Barnidge (7622799),Gary Barnidge
Marqise Lee (7622693),Marqise Lee
Buccaneers  (7623247),Buccaneers
Dexter McCluster (7622596),Dexter McCluster
Derrick Henry (7622540),Derrick Henry
Andre Johnson (7622643),Andre Johnson
Nelson Agholor (7622662),Nelson Agholor
Eagles  (7623235),Eagles
Chris Thompson (7622558),Chris Thompson
Kenny Stills (7622702),Kenny Stills
Vincent Jackson (7622721),Vincent Jackson
Jesse James (7622861),Jesse James
Jaron Brown (7622757),Jaron Brown
Tim Hightower (7622522),Tim Hightower
John Kuhn (7622523),John Kuhn
Travaris Cadet (7622525),Travaris Cadet
Anthony Sherman (7622526),Anthony Sherman
Knile Davis (7622528),Knile Davis
Marcus Murphy (7622530),Marcus Murphy
Daniel Lasco (7622531),Daniel Lasco
Charcandrick West (7622532),Charcandrick West
Brandon Coleman (7622632),Brandon Coleman
Albert Wilson (7622633),Albert Wilson
De'Anthony Thomas (7622636),De'Anthony Thomas
Tommylee Lewis (7622638),Tommylee Lewis
Demarcus Robinson (7622640),Demarcus Robinson
Jake Lampman (7622641),Jake Lampman
Tyreek Hill (7622642),Tyreek Hill
Robert Turbin (7622535),Robert Turbin
Jordan Todman (7622536),Jordan Todman
Jalston Fowler (7622537),Jalston Fowler
Antonio Andrews (7622538),Antonio Andrews
Josh Ferguson (7622539),Josh Ferguson
Harry Douglas (7622644),Harry Douglas
Marc Mariani (7622645),Marc Mariani
Devin Street (7622648),Devin Street
Quan Bray (7622650),Quan Bray
Chester Rogers (7622653),Chester Rogers
Kenjon Barner (7622544),Kenjon Barner
Zach Line (7622545),Zach Line
Ronnie Hillman (7622546),Ronnie Hillman
Wendell Smallwood (7622548),Wendell Smallwood
Charles Johnson (7622655),Charles Johnson
Jarius Wright (7622656),Jarius Wright
Josh Huff (7622658),Josh Huff
Dorial Green-Beckham (7622659),Dorial Green-Beckham
Bryce Treggs (7622661),Bryce Treggs
Laquon Treadwell (7622665),Laquon Treadwell
Rex Burkhead (7622549),Rex Burkhead
Malcolm Johnson (7622551),Malcolm Johnson
George Atkinson III (7622553),George Atkinson III
Andrew Hawkins (7622666),Andrew Hawkins
James Wright (7622670),James Wright
Alex Erickson (7622671),Alex Erickson
Jordan Payton (7622672),Jordan Payton
Ricardo Louis (7622673),Ricardo Louis
Cody Core (7622674),Cody Core
Rashard Higgins (7622676),Rashard Higgins
Tyler Boyd (7622677),Tyler Boyd
Michael Burton (7622559),Michael Burton
Rob Kelley (7622561),Rob Kelley
Andre Roberts (7622680),Andre Roberts
Ryan Grant (7622684),Ryan Grant
Josh Doctson (7622685),Josh Doctson
Rashad Ross (7622686),Rashad Ross
Eric Ebron (7622812),Eric Ebron
Taiwan Jones (7622565),Taiwan Jones
Denard Robinson (7622567),Denard Robinson
Corey Grant (7622568),Corey Grant
Jamize Olawale (7622569),Jamize Olawale
Bryan Walters (7622689),Bryan Walters
Arrelious Benn (7622690),Arrelious Benn
Andre Holmes (7622692),Andre Holmes
Rashad Greene (7622694),Rashad Greene
Seth Roberts (7622697),Seth Roberts
Johnny Holton (7622698),Johnny Holton
Reggie Bush (7622573),Reggie Bush
Jerome Felton (7622574),Jerome Felton
Mike Gillislee (7622577),Mike Gillislee
Damien Williams (7622579),Damien Williams
Jonathan Williams (7622580),Jonathan Williams
Kenyan Drake (7622581),Kenyan Drake
Brandon Tate (7622699),Brandon Tate
Marquise Goodwin (7622700),Marquise Goodwin
Justin Hunter (7622701),Justin Hunter
Walt Powell (7622703),Walt Powell
Jakeem Grant (7622707),Jakeem Grant
Leonte Carroo (7622708),Leonte Carroo
Charles Clay (7622823),Charles Clay
Kyle Juszczyk (7622584),Kyle Juszczyk
Javorius Allen (7622586),Javorius Allen
Kenneth Dixon (7622587),Kenneth Dixon
Troymaine Pope (7622588),Troymaine Pope
Devin Hester (7622711),Devin Hester
Charone Peake (7622715),Charone Peake
Chris Moore (7622716),Chris Moore
Jeremy Butler (7622717),Jeremy Butler
Robby Anderson (7622718),Robby Anderson
Jalin Marshall (7622720),Jalin Marshall
Shaun Draughn (7622589),Shaun Draughn
Russell Hansbrough (7622593),Russell Hansbrough
Mike Davis (7622594),Mike Davis
Peyton Barber (7622595),Peyton Barber
Keshawn Martin (7622724),Keshawn Martin
Russell Shepard (7622725),Russell Shepard
Rod Streater (7622726),Rod Streater
Cecil Shorts III (7622727),Cecil Shorts III
Quinton Patton (7622728),Quinton Patton
Adam Humphries (7622730),Adam Humphries
Aaron Burbridge (7622731),Aaron Burbridge
Patrick DiMarco (7622597),Patrick DiMarco
Derek Watt (7622600),Derek Watt
Kenneth Farrow (7622601),Kenneth Farrow
Eric Weems (7622732),Eric Weems
Aldrick Robinson (7622734),Aldrick Robinson
Griff Whalen (7622736),Griff Whalen
Justin Hardy (7622739),Justin Hardy
Taylor Gabriel (7622741),Taylor Gabriel
James Develin (7622604),James Develin
Brandon Bolden (7622606),Brandon Bolden
Dion Lewis (7622607),Dion Lewis
Fitzgerald Toussaint (7622608),Fitzgerald Toussaint
Roosevelt Nix (7622610),Roosevelt Nix
D.J. Foster (7622612),D.J. Foster
Matthew Slater (7622742),Matthew Slater
Darrius Heyward-Bey (7622744),Darrius Heyward-Bey
Cobi Hamilton (7622748),Cobi Hamilton
Malcolm Mitchell (7622752),Malcolm Mitchell
Andre Ellington (7622614),Andre Ellington
Stepfan Taylor (7622615),Stepfan Taylor
Kerwynn Williams (7622616),Kerwynn Williams
C.J. Prosise (7622620),C.J. Prosise
Alex Collins (7622621),Alex Collins
Jermaine Kearse (7622756),Jermaine Kearse
J.J. Nelson (7622759),J.J. Nelson
Paul Richardson (7622760),Paul Richardson
Tanner McEvoy (7622761),Tanner McEvoy
Brittan Golden (7622763),Brittan Golden
Cardinals  (7623252),Cardinals
Jonathan Grimes (7622622),Jonathan Grimes
Alfred Blue (7622624),Alfred Blue
Jay Prosch (7622625),Jay Prosch
Kapri Bibbs (7622626),Kapri Bibbs
Tyler Ervin (7622627),Tyler Ervin
Andy Janovich (7622629),Andy Janovich
Jordan Norwood (7622764),Jordan Norwood
Bennie Fowler (7622767),Bennie Fowler
Jordan Taylor (7622768),Jordan Taylor
Keith Mumphery (7622769),Keith Mumphery
Braxton Miller (7622771),Braxton Miller
Cody Latimer (7622772),Cody Latimer
Jaelen Strong (7622773),Jaelen Strong
Texans  (7623254),Texans
Dwayne Allen (7622785),Dwayne Allen
Vernon Davis (7622808),Vernon Davis
Cameron Brate (7622845),Cameron Brate
Antonio Gates (7622848),Antonio Gates
Patriots  (7623250),Patriots
Ravens  (7623245),Ravens
Jacob Tamme (7622847),Jacob Tamme
Falcons  (7623248),Falcons
Levine Toilolo (7622850),Levine Toilolo
Steelers  (7623251),Steelers
Virgil Green (7622870),Virgil Green
Chiefs  (7623230),Chiefs
Lions  (7623238),Lions
Jordan Cameron (7622822),Jordan Cameron
Jets  (7623244),Jets
Josh Hill (7622777),Josh Hill
James Winchester (7622778),James Winchester
James O'Shaughnessy (7622779),James O'Shaughnessy
Ross Travis (7622780),Ross Travis
Demetrius Harris (7622781),Demetrius Harris
Anthony Fasano (7622782),Anthony Fasano
Beau Brinkley (7622784),Beau Brinkley
Jack Doyle (7622786),Jack Doyle
Erik Swoope (7622787),Erik Swoope
Jace Amaro (7622788),Jace Amaro
Phillip Supernaw (7622789),Phillip Supernaw
Titans  (7623232),Titans
Colts  (7623233),Colts
Brent Celek (7622790),Brent Celek
Rhett Ellison (7622791),Rhett Ellison
Kevin McDermott (7622792),Kevin McDermott
Trey Burton (7622795),Trey Burton
MyCole Pruitt (7622796),MyCole Pruitt
David Morgan (7622797),David Morgan
Clark Harris (7622798),Clark Harris
Ryan Hewitt (7622800),Ryan Hewitt
Randall Telfer (7622802),Randall Telfer
Connor Hamlett (7622803),Connor Hamlett
Tyler Kroft (7622804),Tyler Kroft
C.J. Uzomah (7622805),C.J. Uzomah
Seth DeValve (7622806),Seth DeValve
Danny Vitale (7622807),Danny Vitale
Clay Harbor (7622809),Clay Harbor
Niles Paul (7622810),Niles Paul
Cole Wick (7622813),Cole Wick
Khari Lee (7622814),Khari Lee
Marcedes Lewis (7622815),Marcedes Lewis
Mychal Rivera (7622816),Mychal Rivera
Clive Walford (7622818),Clive Walford
Neal Sterling (7622819),Neal Sterling
Ben Koyack (7622820),Ben Koyack
Ryan O'Malley (7622821),Ryan O'Malley
MarQueis Gray (7622824),MarQueis Gray
Dion Sims (7622825),Dion Sims
Gerald Christian (7622826),Gerald Christian
Nick O'Leary (7622827),Nick O'Leary
Dominique Jones (7622828),Dominique Jones
Dolphins  (7623243),Dolphins
Kellen Davis (7622830),Kellen Davis
Brandon Bostick (7622831),Brandon Bostick
Crockett Gillmore (7622832),Crockett Gillmore
Daniel Brown (7622833),Daniel Brown
Austin Seferian-Jenkins (7622834),Austin Seferian-Jenkins
Darren Waller (7622835),Darren Waller
Braedon Bowman (7622836),Braedon Bowman
Brandon Myers (7622837),Brandon Myers
Andrew DePaola (7622838),Andrew DePaola
Kyle Nelson (7622839),Kyle Nelson
Luke Stocker (7622840),Luke Stocker
Garrett Celek (7622841),Garrett Celek
Vance McDonald (7622842),Vance McDonald
Blake Bell (7622843),Blake Bell
Je'Ron Hamm (7622844),Je'Ron Hamm
Alan Cross (7622846),Alan Cross
49ers  (7623246),49ers
Sean McGrath (7622849),Sean McGrath
Asante Cleveland (7622851),Asante Cleveland
Joshua Perkins (7622852),Joshua Perkins
Austin Hooper (7622853),Austin Hooper
David Johnson (7622855),David Johnson
Ladarius Green (7622858),Ladarius Green
A.J. Derby (7622859),A.J. Derby
Xavier Grimble (7622860),Xavier Grimble
Darren Fells (7622862),Darren Fells
Jermaine Gresham (7622864),Jermaine Gresham
Ifeanyi Momah (7622865),Ifeanyi Momah
Luke Willson (7622866),Luke Willson
Brandon Williams (7622867),Brandon Williams
Nick Vannett (7622868),Nick Vannett
Hakeem Valles (7622869),Hakeem Valles
John Phillips (7622871),John Phillips
Ryan Griffin (7622872),Ryan Griffin
C.J. Fiedorowicz (7622873),C.J. Fiedorowicz
Jeff Heuerman (7622874),Jeff Heuerman
Stephen Anderson (7622875),Stephen Anderson
Redskins  (7623239),Redskins
Raiders  (7623240),Raiders
Jaguars  (7623241),Jaguars
Browns  (7623237),Browns
Chargers  (7623249),Chargers
Saints  (7623231),Saints