Le'Veon Bell (9614931),	Le'Veon Bell
Antonio Brown (9614939),	Antonio Brown
Julio Jones (9614331),	Julio Jones
Tom Brady (9614638),	Tom Brady
Kareem Hunt (9614899),	Kareem Hunt
DeAndre Hopkins (9614458),	DeAndre Hopkins
Leonard Fournette (9614867),	Leonard Fournette
Keenan Allen (9614999),	Keenan Allen
Melvin Gordon (9614989),	Melvin Gordon
Todd Gurley II (9614836),	Todd Gurley II
Brandin Cooks (9614652),	Brandin Cooks
Stefon Diggs (9614554),	Stefon Diggs
Devonta Freeman (9614321),	Devonta Freeman
Aaron Rodgers (9614511),	Aaron Rodgers
Michael Thomas (9614619),	Michael Thomas
Drew Brees (9614606),	Drew Brees
Jordy Nelson (9614523),	Jordy Nelson
Matt Ryan (9614319),	Matt Ryan
Chris Hogan (9614654),	Chris Hogan
Mike Evans (9614814),	Mike Evans
Golden Tate (9614589),	Golden Tate
Rob Gronkowski (9614664),	Rob Gronkowski
Kirk Cousins (9614736),	Kirk Cousins
Larry Fitzgerald (9614782),	Larry Fitzgerald
Deshaun Watson (9614446),	Deshaun Watson
Ty Montgomery (9614513),	Ty Montgomery
Jarvis Landry (9614362),	Jarvis Landry
Philip Rivers (9614986),	Philip Rivers
Matthew Stafford (9614577),	Matthew Stafford
David Johnson (9614768),	David Johnson
Alex Smith (9614896),	Alex Smith
Tyreek Hill (9614907),	Tyreek Hill
Pierre Garcon (9614715),	Pierre Garcon
DeVante Parker (9614360),	DeVante Parker
Carlos Hyde (9614707),	Carlos Hyde
Jameis Winston (9614803),	Jameis Winston
Carson Palmer (9614765),	Carson Palmer
Travis Kelce (9614919),	Travis Kelce
Sam Bradford (9614542),	Sam Bradford
Adam Thielen (9614556),	Adam Thielen
Bilal Powell (9614674),	Bilal Powell
Jordan Howard (9614384),	Jordan Howard
Randall Cobb (9614525),	Randall Cobb
Derek Carr (9614958),	Derek Carr
Doug Martin (9614806),	Doug Martin
DeSean Jackson (9614816),	DeSean Jackson
Michael Crabtree (9614969),	Michael Crabtree
Jay Ajayi (9614352),	Jay Ajayi
Davante Adams (9614527),	Davante Adams
Terrelle Pryor Sr. (9614746),	Terrelle Pryor Sr.
Ben Roethlisberger (9614928),	Ben Roethlisberger
Aaron Jones (9614515),	Aaron Jones
Danny Amendola (9614656),	Danny Amendola
Jimmy Garoppolo (9614639),	Jimmy Garoppolo
Mike Gillislee (9614640),	Mike Gillislee
Joe Flacco (9614415),	Joe Flacco
Javorius Allen (9614417),	Javorius Allen
Lamar Miller (9614448),	Lamar Miller
Tyrell Williams (9615001),	Tyrell Williams
Andre Ellington (9614770),	Andre Ellington
Will Fuller V (9614460),	Will Fuller V
James White (9614642),	James White
Josh McCown (9614671),	Josh McCown
Tarik Cohen (9614386),	Tarik Cohen
Duke Johnson Jr. (9614478),	Duke Johnson Jr.
Brian Hoyer (9614705),	Brian Hoyer
Tevin Coleman (9614323),	Tevin Coleman
Mitchell Trubisky (9614381),	Mitchell Trubisky
Case Keenum (9614543),	Case Keenum
Chris Thompson (9614738),	Chris Thompson
Jordan Reed (9614756),	Jordan Reed
Jared Goff (9614833),	Jared Goff
Marshawn Lynch (9614961),	Marshawn Lynch
Amari Cooper (9614971),	Amari Cooper
Jay Cutler (9614350),	Jay Cutler
Ameer Abdullah (9614579),	Ameer Abdullah
Jaron Brown (9614788),	Jaron Brown
Mohamed Sanu (9614333),	Mohamed Sanu
Corey Coleman (9614486),	Corey Coleman
Jermaine Kearse (9614684),	Jermaine Kearse
Rob Kelley (9614740),	Rob Kelley
EJ Manuel (9614959),	EJ Manuel
Latavius Murray (9614546),	Latavius Murray
Willie Snead (9614621),	Willie Snead
Matt Breida (9614709),	Matt Breida
Colt McCoy (9614737),	Colt McCoy
Patrick Mahomes II (9614897),	Patrick Mahomes II
Martavis Bryant (9614941),	Martavis Bryant
Taylor Gabriel (9614335),	Taylor Gabriel
DeShone Kizer (9614475),	DeShone Kizer
Kevin Hogan (9614476),	Kevin Hogan
Marvin Jones Jr. (9614591),	Marvin Jones Jr.
Chase Daniel (9614607),	Chase Daniel
Elijah McGuire (9614676),	Elijah McGuire
Blake Bortles (9614865),	Blake Bortles
Matt Moore (9614351),	Matt Moore
Alvin Kamara (9614611),	Alvin Kamara
John Brown (9614784),	John Brown
Landry Jones (9614929),	Landry Jones
James Conner (9614933),	James Conner
Cardale Jones (9614987),	Cardale Jones
Mike Glennon (9614382),	Mike Glennon
Alex Collins (9614421),	Alex Collins
Jeremy Maclin (9614425),	Jeremy Maclin
Mark Ingram (9614609),	Mark Ingram
Robby Anderson (9614686),	Robby Anderson
Samaje Perine (9614742),	Samaje Perine
J.J. Nelson (9614786),	J.J. Nelson
Ryan Fitzpatrick (9614804),	Ryan Fitzpatrick
Matt Schaub (9614320),	Matt Schaub
Mike Wallace (9614427),	Mike Wallace
Tom Savage (9614447),	Tom Savage
Theo Riddick (9614581),	Theo Riddick
Austin Seferian-Jenkins (9614698),	Austin Seferian-Jenkins
Blaine Gabbert (9614766),	Blaine Gabbert
Chad Henne (9614866),	Chad Henne
Allen Hurns (9614877),	Allen Hurns
Travis Benjamin (9615003),	Travis Benjamin
Kenny Stills (9614364),	Kenny Stills
D'Onta Foreman (9614450),	D'Onta Foreman
Isaiah Crowell (9614480),	Isaiah Crowell
Brett Hundley (9614512),	Brett Hundley
Jamaal Williams (9614517),	Jamaal Williams
Jake Rudock (9614578),	Jake Rudock
C.J. Beathard (9614706),	C.J. Beathard
Sean Mannion (9614834),	Sean Mannion
Marqise Lee (9614879),	Marqise Lee
Jerick McKinnon (9614548),	Jerick McKinnon
Marquise Goodwin (9614717),	Marquise Goodwin
Sammy Watkins (9614844),	Sammy Watkins
Hunter Henry (9615009),	Hunter Henry
Kenyan Drake (9614354),	Kenyan Drake
Mark Sanchez (9614383),	Mark Sanchez
Kendall Wright (9614394),	Kendall Wright
Ryan Mallett (9614416),	Ryan Mallett
Terrance West (9614419),	Terrance West
Ryan Griffin (9614468),	Ryan Griffin
Cody Kessler (9614477),	Cody Kessler
Kenny Britt (9614488),	Kenny Britt
Josh Gordon (9614490),	Josh Gordon
Geronimo Allison (9614529),	Geronimo Allison
Kyle Sloter (9614544),	Kyle Sloter
Teddy Bridgewater (9614545),	Teddy Bridgewater
Kenny Golladay (9614593),	Kenny Golladay
Taysom Hill (9614608),	Taysom Hill
Christian Hackenberg (9614672),	Christian Hackenberg
Bryce Petty (9614673),	Bryce Petty
Jeremy Kerley (9614688),	Jeremy Kerley
Jamison Crowder (9614748),	Jamison Crowder
Drew Stanton (9614767),	Drew Stanton
Ryan Griffin (9614805),	Ryan Griffin
Jacquizz Rodgers (9614808),	Jacquizz Rodgers
Adam Humphries (9614818),	Adam Humphries
Brandon Allen (9614835),	Brandon Allen
Cooper Kupp (9614846),	Cooper Kupp
Tyler Bray (9614898),	Tyler Bray
Charcandrick West (9614901),	Charcandrick West
Joshua Dobbs (9614930),	Joshua Dobbs
Connor Cook (9614960),	Connor Cook
Kellen Clemens (9614988),	Kellen Clemens
Branden Oliver (9614991),	Branden Oliver
Justin Hardy (9614341),	Justin Hardy
Texans  (9614474),	Texans
Ricardo Louis (9614492),	Ricardo Louis
Matt Forte (9614678),	Matt Forte
Vernon Davis (9614758),	Vernon Davis
Cameron Brate (9614824),	Cameron Brate
Malcolm Brown (9614838),	Malcolm Brown
Jalen Richard (9614963),	Jalen Richard
Kyle Rudolph (9614568),	Kyle Rudolph
Rex Burkhead (9614644),	Rex Burkhead
Dion Lewis (9614646),	Dion Lewis
Ryan Grant (9614752),	Ryan Grant
Chris Ivory (9614871),	Chris Ivory
Damien Williams (9614356),	Damien Williams
Danny Woodhead (9614423),	Danny Woodhead
Ravens  (9614445),	Ravens
Alfred Blue (9614452),	Alfred Blue
Bruce Ellington (9614462),	Bruce Ellington
Phillip Dorsett (9614658),	Phillip Dorsett
Robert Woods (9614848),	Robert Woods
DeAndre Washington (9614965),	DeAndre Washington
Jared Cook (9614979),	Jared Cook
Mike Williams (9615005),	Mike Williams
Martellus Bennett (9614535),	Martellus Bennett
Dwayne Washington (9614583),	Dwayne Washington
Zach Zenner (9614585),	Zach Zenner
Ted Ginn Jr. (9614623),	Ted Ginn Jr.
Malcolm Mitchell (9614660),	Malcolm Mitchell
Josh Doctson (9614750),	Josh Doctson
Jaguars  (9614895),	Jaguars
JuJu Smith-Schuster (9614943),	JuJu Smith-Schuster
Seth Roberts (9614973),	Seth Roberts
Andre Roberts (9614339),	Andre Roberts
Austin Hooper (9614343),	Austin Hooper
Falcons  (9614349),	Falcons
Devante Mays (9614519),	Devante Mays
Michael Floyd (9614558),	Michael Floyd
Charles Sims (9614810),	Charles Sims
Trent Taylor (9614719),	Trent Taylor
George Kittle (9614733),	George Kittle
Redskins  (9614764),	Redskins
Adrian Peterson (9614613),	Adrian Peterson
Chris Johnson (9614772),	Chris Johnson
T.J. Yeldon (9614869),	T.J. Yeldon
Jakeem Grant (9614370),	Jakeem Grant
Markus Wheaton (9614396),	Markus Wheaton
Benjamin Watson (9614437),	Benjamin Watson
Rashard Higgins (9614494),	Rashard Higgins
Kasen Williams (9614498),	Kasen Williams
Jeff Janis (9614531),	Jeff Janis
Brandon Coleman (9614625),	Brandon Coleman
Patriots  (9614670),	Patriots
Corey Grant (9614873),	Corey Grant
Albert Wilson (9614909),	Albert Wilson
Nick Williams (9614337),	Nick Williams
Coby Fleener (9614631),	Coby Fleener
Kerwynn Williams (9614774),	Kerwynn Williams
Rams  (9614864),	Rams
Jaelen Strong (9614881),	Jaelen Strong
Chris Conley (9614911),	Chris Conley
Chiefs  (9614927),	Chiefs
Deonte Thompson (9614398),	Deonte Thompson
Laquon Treadwell (9614560),	Laquon Treadwell
Aldrick Robinson (9614721),	Aldrick Robinson
Tavon Austin (9614850),	Tavon Austin
Jesse James (9614951),	Jesse James
Dontrelle Inman (9615007),	Dontrelle Inman
Chargers  (9615017),	Chargers
Derrick Coleman (9614325),	Derrick Coleman
Brian Hill (9614327),	Brian Hill
Terron Ward (9614329),	Terron Ward
Senorise Perry (9614358),	Senorise Perry
Leonte Carroo (9614366),	Leonte Carroo
Rashawn Scott (9614368),	Rashawn Scott
Isaiah Ford (9614372),	Isaiah Ford
Michael Burton (9614388),	Michael Burton
Taquan Mizzell (9614390),	Taquan Mizzell
Benny Cunningham (9614392),	Benny Cunningham
Tre McBride (9614400),	Tre McBride
Josh Bellamy (9614402),	Josh Bellamy
Michael Campanaro (9614429),	Michael Campanaro
Breshad Perriman (9614431),	Breshad Perriman
Chris Matthews (9614433),	Chris Matthews
Chris Moore (9614435),	Chris Moore
Jordan Todman (9614454),	Jordan Todman
Jay Prosch (9614456),	Jay Prosch
Chris Thompson (9614464),	Chris Thompson
Braxton Miller (9614466),	Braxton Miller
C.J. Fiedorowicz (9614470),	C.J. Fiedorowicz
Matthew Dayes (9614482),	Matthew Dayes
Danny Vitale (9614484),	Danny Vitale
Sammie Coates (9614496),	Sammie Coates
James Wright (9614500),	James Wright
Bryce Treggs (9614502),	Bryce Treggs
David Njoku (9614504),	David Njoku
Aaron Ripkowski (9614521),	Aaron Ripkowski
Trevor Davis (9614533),	Trevor Davis
Stevan Ridley (9614550),	Stevan Ridley
C.J. Ham (9614552),	C.J. Ham
Stacy Coley (9614562),	Stacy Coley
Rodney Adams (9614564),	Rodney Adams
Jarius Wright (9614566),	Jarius Wright
Tion Green (9614587),	Tion Green
TJ Jones (9614595),	TJ Jones
Jared Abbrederis (9614597),	Jared Abbrederis
Eric Ebron (9614599),	Eric Ebron
Trey Edmunds (9614615),	Trey Edmunds
Zach Line (9614617),	Zach Line
Austin Carr (9614627),	Austin Carr
Tommylee Lewis (9614629),	Tommylee Lewis
James Develin (9614648),	James Develin
Brandon Bolden (9614650),	Brandon Bolden
Matthew Slater (9614662),	Matthew Slater
Travaris Cadet (9614680),	Travaris Cadet
Lawrence Thomas (9614682),	Lawrence Thomas
Chad Hansen (9614690),	Chad Hansen
Jalin Marshall (9614692),	Jalin Marshall
Lucky Whitehead (9614694),	Lucky Whitehead
ArDarius Stewart (9614696),	ArDarius Stewart
Raheem Mostert (9614711),	Raheem Mostert
Kyle Juszczyk (9614713),	Kyle Juszczyk
Victor Bolden Jr. (9614723),	Victor Bolden Jr.
Kendrick Bourne (9614725),	Kendrick Bourne
Mack Brown (9614744),	Mack Brown
Brian Quick (9614754),	Brian Quick
D.J. Foster (9614776),	D.J. Foster
T.J. Logan (9614778),	T.J. Logan
Elijhaa Penny (9614780),	Elijhaa Penny
Brittan Golden (9614790),	Brittan Golden
Chad Williams (9614792),	Chad Williams
Peyton Barber (9614812),	Peyton Barber
Chris Godwin (9614820),	Chris Godwin
Bernard Reedy (9614822),	Bernard Reedy
Justin Davis (9614840),	Justin Davis
Lance Dunbar (9614842),	Lance Dunbar
Michael Thomas (9614852),	Michael Thomas
Josh Reynolds (9614854),	Josh Reynolds
Pharoh Cooper (9614856),	Pharoh Cooper
Tommy Bohanon (9614875),	Tommy Bohanon
Arrelious Benn (9614883),	Arrelious Benn
Keelan Cole (9614885),	Keelan Cole
Max McCaffrey (9614887),	Max McCaffrey
Anthony Sherman (9614903),	Anthony Sherman
Akeem Hunt (9614905),	Akeem Hunt
De'Anthony Thomas (9614913),	De'Anthony Thomas
Demarcus Robinson (9614915),	Demarcus Robinson
Jehu Chesson (9614917),	Jehu Chesson
Terrell Watson (9614935),	Terrell Watson
Roosevelt Nix (9614937),	Roosevelt Nix
Darrius Heyward-Bey (9614945),	Darrius Heyward-Bey
Justin Hunter (9614947),	Justin Hunter
Eli Rogers (9614949),	Eli Rogers
Jamize Olawale (9614967),	Jamize Olawale
Cordarrelle Patterson (9614975),	Cordarrelle Patterson
Johnny Holton (9614977),	Johnny Holton
Derek Watt (9614993),	Derek Watt
Austin Ekeler (9614995),	Austin Ekeler
Andre Williams (9614997),	Andre Williams
Antonio Gates (9615011),	Antonio Gates
Zach Miller (9614404),	Zach Miller
Vikings  (9614576),	Vikings
Julius Thomas (9614374),	Julius Thomas
Stephen Anderson (9614472),	Stephen Anderson
Packers  (9614541),	Packers
Cardinals  (9614802),	Cardinals
Demetrius Harris (9614921),	Demetrius Harris
Bears  (9614414),	Bears
Saints  (9614637),	Saints
Dwayne Allen (9614666),	Dwayne Allen
Marcedes Lewis (9614889),	Marcedes Lewis
Richard Rodgers (9614537),	Richard Rodgers
Jermaine Gresham (9614794),	Jermaine Gresham
O.J. Howard (9614826),	O.J. Howard
Buccaneers  (9614832),	Buccaneers
Vance McDonald (9614953),	Vance McDonald
Steelers  (9614957),	Steelers
Levine Toilolo (9614345),	Levine Toilolo
Eric Saubert (9614347),	Eric Saubert
MarQueis Gray (9614376),	MarQueis Gray
Anthony Fasano (9614378),	Anthony Fasano
Andrew DePaola (9614406),	Andrew DePaola
Adam Shaheen (9614408),	Adam Shaheen
Daniel Brown (9614410),	Daniel Brown
Dion Sims (9614412),	Dion Sims
Nick Boyle (9614439),	Nick Boyle
Vince Mayle (9614441),	Vince Mayle
Maxx Williams (9614443),	Maxx Williams
Seth DeValve (9614506),	Seth DeValve
Randall Telfer (9614508),	Randall Telfer
Lance Kendricks (9614539),	Lance Kendricks
Blake Bell (9614570),	Blake Bell
David Morgan (9614572),	David Morgan
Kevin McDermott (9614574),	Kevin McDermott
Michael Roberts (9614601),	Michael Roberts
Darren Fells (9614603),	Darren Fells
Michael Hoomanawanui (9614633),	Michael Hoomanawanui
Josh Hill (9614635),	Josh Hill
Jacob Hollister (9614668),	Jacob Hollister
Eric Tomlinson (9614700),	Eric Tomlinson
Jordan Leggett (9614702),	Jordan Leggett
Logan Paulsen (9614727),	Logan Paulsen
Kyle Nelson (9614729),	Kyle Nelson
Garrett Celek (9614731),	Garrett Celek
Niles Paul (9614760),	Niles Paul
Jeremy Sprinkle (9614762),	Jeremy Sprinkle
Troy Niklas (9614796),	Troy Niklas
Ricky Seals-Jones (9614798),	Ricky Seals-Jones
Ifeanyi Momah (9614800),	Ifeanyi Momah
Luke Stocker (9614828),	Luke Stocker
Antony Auclair (9614830),	Antony Auclair
Gerald Everett (9614858),	Gerald Everett
Derek Carrier (9614860),	Derek Carrier
Tyler Higbee (9614862),	Tyler Higbee
James O'Shaughnessy (9614891),	James O'Shaughnessy
Ben Koyack (9614893),	Ben Koyack
James Winchester (9614923),	James Winchester
Ross Travis (9614925),	Ross Travis
Xavier Grimble (9614955),	Xavier Grimble
Clive Walford (9614981),	Clive Walford
Lee Smith (9614983),	Lee Smith
Raiders  (9614985),	Raiders
Sean Culkin (9615013),	Sean Culkin
Sean McGrath (9615015),	Sean McGrath
Lions  (9614605),	Lions
Browns  (9614510),	Browns
49ers  (9614735),	49ers
Jets  (9614704),	Jets
Dolphins  (9614380),	Dolphins